1,日期,时间,股票代码,股票名称,买/卖,数量,成交价,总成本,交易佣金,
2,2021/3/19,15:00,300859.SZA,西域旅游,卖出,7400,28.85,-213489.994,277.54,-0.379834254
3,2021/3/18,9:30,300859.SZA,西域旅游,买入,7400,28.96,214303.998,64.29,
4,,15:00,000807.SZA,云铝股份,卖出,22100,11.77,-260117.01,338.15,-0.925925926
5,2021/3/17,9:30,000807.SZA,云铝股份,买入,22100,11.88,262548.003,78.76,
6,,15:00,603126.SHA,中材节能,卖出,20000,10.72,-214399.986,278.72,2.97790586
7,2021/3/16,9:30,603126.SHA,中材节能,买入,20000,10.41,208199.997,62.46,
8,,15:00,300102.SZA,乾照光电,卖出,36900,6.88,-253872.001,330.03,1.624815362
9,2021/3/15,9:30,300102.SZA,乾照光电,买入,36900,6.77,249813.002,74.94,
10,,15:00,000911.SZA,南宁糖业,卖出,24100,9.35,-225334.98,292.94,0.214362272
11,2021/3/12,9:30,000911.SZA,南宁糖业,买入,24100,9.33,224853.011,67.46,
12,,15:00,300946.SZA,恒而达,卖出,3600,66.97,-241091.974,313.42,2.181873665
13,2021/3/11,9:30,300946.SZA,恒而达,买入,3600,65.54,235944.039,70.78,
14,,15:00,300945.SZA,曼卡龙,卖出,9600,22.4,-215039.983,279.55,-2.012248469
15,2021/3/10,9:30,300945.SZA,曼卡龙,买入,9600,22.86,219456.014,65.84,
16,,15:00,600740.SHA,山西焦化,卖出,34300,7.14,-244901.994,318.37,5.465288035
17,2021/3/9,9:30,600740.SHA,山西焦化,买入,34300,6.77,232211.002,69.66,
18,,15:00,300137.SZA,先河环保,卖出,30000,7.65,-229499.982,298.35,-4.968944099
19,2021/3/8,9:30,300137.SZA,先河环保,买入,30000,8.05,241500.013,72.45,
20,,15:00,000807.SZA,云铝股份,卖出,21700,9.82,-213093.993,277.02,-0.908173562
21,2021/3/5,9:30,000807.SZA,云铝股份,买入,21700,9.91,215046.997,64.51,
22,,15:00,300022.SZA,吉峰科技,卖出,42300,5.85,-247454.989,321.69,1.386481802
23,2021/3/4,9:30,300022.SZA,吉峰科技,买入,42300,5.77,244071.024,73.22,
24,,15:00,300293.SZA,蓝英装备,卖出,15600,14.82,-231192.005,300.55,9.777777778
25,2021/3/3,9:30,300293.SZA,蓝英装备,买入,15600,13.5,210599.995,63.18,
26,,15:00,000683.SZA,远兴能源,卖出,86700,2.77,-240158.997,312.21,1.838235294
27,2021/3/2,9:30,000683.SZA,远兴能源,买入,86700,2.72,235824.007,70.75,
28,2021/3/1,15:00,000822.SZA,山东海化,卖出,45200,5.05,-228259.975,296.74,12.22222222
29,2021/2/26,9:30,000822.SZA,山东海化,买入,45200,4.5,203400.012,61.02,
30,,15:00,000830.SZA,鲁西化工,卖出,12100,17.38,-210298.012,273.39,-2.13963964
31,2021/2/25,9:30,000830.SZA,鲁西化工,买入,12100,17.76,214896.003,64.47,
32,,15:00,300937.SZA,药易购,卖出,2200,99.99,-219977.994,285.97,13.625
33,2021/2/24,9:30,300937.SZA,药易购,买入,2200,88,193600.002,58.08,
34,,15:00,300368.SZA,汇金股份,卖出,13400,13.93,-186662.003,242.66,11.44
35,2021/2/23,9:30,300368.SZA,汇金股份,买入,13400,12.5,167500.001,50.25,
36,,15:00,300208.SZA,青岛中程,卖出,19900,10.57,-210343.008,273.45,2.621359223
37,2021/2/22,9:30,300208.SZA,青岛中程,买入,19900,10.3,204970.006,61.49,
38,,15:00,600346.SHA,恒力石化,卖出,3600,44.41,-159875.999,207.84,-3.456521739
39,2021/2/19,9:30,600346.SHA,恒力石化,买入,3600,46,165600,49.68,
40,,15:00,601015.SHA,陕西黑猫,卖出,19500,11.11,-216644.993,281.64,7.032755299
41,2021/2/18,9:30,601015.SHA,陕西黑猫,买入,19500,10.38,202410.003,60.72,
42,,15:00,002610.SZA,爱康科技,卖出,67700,2.67,-180758.985,234.99,5.118110236
43,2021/2/10,9:30,002610.SZA,爱康科技,买入,67700,2.54,171957.986,51.59,
44,,15:00,300313.SZA,天山生物,卖出,13400,14.44,-193495.971,251.54,-3.797468354
45,2021/2/9,9:30,300313.SZA,天山生物,买入,13400,15.01,201134.024,60.34,
46,,15:00,000996.SZA,中国中期,卖出,17400,8.8,-153119.986,199.06,-1.34529148
47,2021/2/8,9:30,000996.SZA,中国中期,买入,17400,8.92,155208.012,46.56,
48,,15:00,300912.SZA,凯龙高科,卖出,5200,39.59,-205867.985,267.63,2.831168831
49,2021/2/5,9:30,300912.SZA,凯龙高科,买入,5200,38.5,200200.016,60.06,
50,,15:00,300243.SZA,瑞丰高材,卖出,9000,18.06,-162540.01,211.3,-1.365374113
51,2021/2/4,9:30,300243.SZA,瑞丰高材,买入,9000,18.31,164790.015,49.44,
52,,15:00,003028.SZA,振邦智能,卖出,4300,47.55,-204464.988,265.8,14.0014385
53,2021/2/3,9:30,003028.SZA,振邦智能,买入,4300,41.71,179353.004,53.81,
54,,15:00,300882.SZA,万胜智能,卖出,6200,26.16,-162191.988,210.85,-6.43776824
55,2021/2/2,9:30,300882.SZA,万胜智能,买入,6200,27.96,173352.002,52.01,
56,,15:00,601015.SHA,陕西黑猫,卖出,23700,7.45,-176564.995,229.53,23.14049587
57,2021/2/1,9:30,601015.SHA,陕西黑猫,买入,23700,6.05,143384.993,43.02,
58,,15:00,600746.SHA,江苏索普,卖出,21800,8.16,-177887.961,231.25,-1.686746988
59,2021/1/29,9:30,600746.SHA,江苏索普,买入,21800,8.3,180940.027,54.28,
60,,15:00,300289.SZA,利德曼,卖出,21300,7,-149099.994,193.83,-4.502046385
61,2021/1/28,9:30,300289.SZA,利德曼,买入,21300,7.33,156129.003,46.84,
62,,15:00,600516.SHA,方大炭素,卖出,19900,8.2,-163180.015,212.13,-3.755868545
63,2021/1/27,9:30,600516.SHA,方大炭素,买入,19900,8.52,169548.009,50.86,
64,,15:00,600111.SHA,北方稀土,卖出,9500,18,-170999.982,222.3,2.739726027
65,2021/1/26,9:30,600111.SHA,北方稀土,买入,9500,17.52,166439.986,49.93,
66,,15:00,300727.SZA,润禾材料,卖出,4700,30.64,-144007.995,187.21,1.289256198
67,2021/1/25,9:30,300727.SZA,润禾材料,买入,4700,30.25,142174.994,42.65,
68,,15:00,300347.SZA,泰格医药,卖出,1000,191.51,-191509.979,248.96,8.197740113
69,2021/1/22,9:30,300347.SZA,泰格医药,买入,1000,177,177000,53.1,
70,,15:00,300906.SZA,日月明,卖出,2500,57.3,-143249.997,186.22,-6.219312602
71,2021/1/21,9:30,300906.SZA,日月明,买入,2500,61.1,152749.997,45.82,
72,,15:00,300489.SZA,中飞股份,卖出,6700,25.39,-170112.979,221.15,-2.082529888
73,2021/1/20,9:30,300489.SZA,中飞股份,买入,6700,25.93,173730.998,52.12,
74,,15:00,300781.SZA,因赛集团,卖出,5500,29,-159499.995,207.35,4.996379435
75,2021/1/19,9:30,300781.SZA,因赛集团,买入,5500,27.62,151910.011,45.57,
76,,15:00,002177.SZA,御银股份,卖出,28400,5.97,-169547.992,220.41,3.645833333
77,2021/1/18,9:30,002177.SZA,御银股份,买入,28400,5.76,163583.995,49.08,
78,,15:00,000155.SZA,川能动力,卖出,800,12.77,-10216,13.28,26.18577075
79,2021/1/15,9:30,000155.SZA,川能动力,买入,800,10.12,8096,5,
80,,15:00,002164.SZA,宁波东力,卖出,18100,7.66,-138645.996,180.24,-7.821901324
81,2021/1/14,9:30,002164.SZA,宁波东力,买入,18100,8.31,150411.008,45.12,
82,,15:00,600844.SHA,丹化科技,卖出,41400,4.16,-172223.985,223.89,2.211302211
83,2021/1/13,9:30,600844.SHA,丹化科技,买入,41400,4.07,168497.991,50.55,
84,,15:00,300459.SZA,金科文化,卖出,45500,3.32,-151059.995,196.38,0
85,2021/1/12,9:30,300459.SZA,金科文化,买入,45500,3.32,151059.998,45.32,
86,,15:00,300898.SZA,熊猫乳品,卖出,3100,55.8,-172979.994,224.87,0
87,2021/1/11,9:30,300898.SZA,熊猫乳品,买入,3100,55.8,172980,51.89,
88,,15:00,300863.SZA,卡倍亿,卖出,1300,116.35,-151254.994,196.63,-9.80620155
89,2021/1/8,9:30,300863.SZA,卡倍亿,买入,1300,129,167700.004,50.31,
90,,15:00,300898.SZA,熊猫乳品,卖出,3200,55.9,-178880.002,232.54,-3.085991678
91,2021/1/7,9:30,300898.SZA,熊猫乳品,买入,3200,57.68,184576.003,55.37,
92,,15:00,300890.SZA,翔丰华,卖出,2800,57,-159599.996,207.48,-10.53209857
93,2021/1/6,9:30,300890.SZA,翔丰华,买入,2800,63.71,178388,53.52,
94,,15:00,000821.SZA,京山轻机,卖出,19000,9.78,-185820.009,241.57,-3.929273084
95,2021/1/5,9:30,000821.SZA,京山轻机,买入,19000,10.18,193420.007,58.03,
96,,15:00,300118.SZA,东方日升,卖出,6000,28.14,-168839.996,219.49,-2.730729347
97,2021/1/4,9:30,300118.SZA,东方日升,买入,6000,28.93,173580.002,52.07,
98,,15:00,000591.SZA,太阳能,卖出,26300,8,-210400,273.52,20.84592145
99,2020/12/31,9:30,000591.SZA,太阳能,买入,26300,6.62,174105.997,52.23,
100,,15:00,002610.SZA,爱康科技,卖出,52500,3.29,-172724.998,224.54,6.129032258
101,2020/12/30,9:30,002610.SZA,爱康科技,买入,52500,3.1,162749.995,48.82,
102,,15:00,300658.SZA,延江股份,卖出,6000,29.15,-174899.987,227.37,-2.410445263
103,2020/12/29,9:30,300658.SZA,延江股份,买入,6000,29.87,179220.011,53.77,
104,,15:00,300335.SZA,迪森股份,卖出,26700,6.12,-163403.986,212.43,-3.470031546
105,2020/12/28,9:30,300335.SZA,迪森股份,买入,26700,6.34,169277.999,50.78,
106,,15:00,600371.SHA,万向德农,卖出,10900,16.4,-178759.994,232.39,13.02549966
107,2020/12/25,9:30,600371.SHA,万向德农,买入,10900,14.51,158158.997,47.45,
108,,15:00,000155.SZA,川能动力,卖出,19200,8.33,-159935.998,207.92,4.255319149
109,2020/12/24,9:30,000155.SZA,川能动力,买入,19200,7.99,153408.005,46.02,
110,,15:00,600460.SHA,士兰微,卖出,7200,23.31,-167831.996,218.18,3.692170819
111,2020/12/23,9:30,600460.SHA,士兰微,买入,7200,22.48,161855.997,48.56,
112,,15:00,002647.SZA,仁东控股,卖出,11100,14.45,-160394.998,208.51,-1.095140315
113,2020/12/22,9:30,002647.SZA,仁东控股,买入,11100,14.61,162170.996,48.65,
114,,15:00,300208.SZA,青岛中程,卖出,10100,15.15,-153014.996,198.92,-5.3125
115,2020/12/21,9:30,300208.SZA,青岛中程,买入,10100,16,161602.967,48.48,
116,,15:00,603069.SHA,海汽集团,卖出,8300,20.1,-166826.83,216.87,-0.838677849
117,2020/12/18,9:30,603069.SHA,海汽集团,买入,8300,20.27,168241.008,50.47,
118,,15:00,300892.SZA,品渥食品,卖出,2100,74.05,-155505.002,202.16,-4.746591201
119,2020/12/17,9:30,300892.SZA,品渥食品,买入,2100,77.74,163253.999,48.98,
120,,15:00,600381.SHA,青海春天,卖出,25500,6.701,-170886.357,222.15,0.314371257
121,2020/12/16,9:30,600381.SHA,青海春天,买入,25500,6.68,170340.013,51.1,
122,,15:00,300680.SZA,隆盛科技,卖出,4800,32,-153599.992,199.68,-0.435594275
123,2020/12/15,9:30,300680.SZA,隆盛科技,买入,4800,32.14,154272.005,46.28,
124,,15:00,603185.SHA,上机数控,卖出,1600,113.89,-182223.998,236.89,-0.965217391
125,2020/12/14,9:30,603185.SHA,上机数控,买入,1600,115,184000.001,55.2,
126,,15:00,600746.SHA,江苏索普,卖出,20100,7.69,-154568.991,200.94,-10.89223638
127,2020/12/11,9:30,600746.SHA,江苏索普,买入,20100,8.63,173463.011,52.04,
128,,15:00,002196.SZA,方正电机,卖出,23100,7.81,-180410.99,234.53,0.514800515
129,2020/12/10,9:30,002196.SZA,方正电机,买入,23100,7.77,179487.005,53.85,
130,,15:00,600679.SHA,上海凤凰,卖出,11200,15.51,-173711.977,225.83,-1.648700063
131,2020/12/9,9:30,600679.SHA,上海凤凰,买入,11200,15.77,176624.019,52.99,
132,,15:00,300898.SZA,熊猫乳品,卖出,3300,56.18,-185393.998,241.01,-6.11631016
133,2020/12/8,9:30,300898.SZA,熊猫乳品,买入,3300,59.84,197472.003,59.24,
134,,15:00,603336.SHA,宏辉果蔬,卖出,13500,12.83,-173205.01,225.17,-0.926640927
135,2020/12/7,9:30,603336.SHA,宏辉果蔬,买入,13500,12.95,174825.012,52.45,
136,,15:00,300221.SZA,银禧科技,卖出,22600,8.8,-198880.003,258.54,5.769230769
137,2020/12/4,9:30,300221.SZA,银禧科技,买入,22600,8.32,188032.016,56.41,
138,,15:00,300542.SZA,新晨科技,卖出,10000,17.64,-176399.988,229.32,-3.764320786
139,2020/12/3,9:30,300542.SZA,新晨科技,买入,10000,18.33,183300.021,54.99,
140,,15:00,300094.SZA,国联水产,卖出,26300,6.15,-161744.989,210.27,10.61151079
141,2020/12/2,9:30,300094.SZA,国联水产,买入,26300,5.56,146227.999,43.87,
142,,15:00,601187.SHA,厦门银行,卖出,14300,14.15,-202344.994,263.05,19.81371719
143,2020/12/1,9:30,601187.SHA,厦门银行,买入,14300,11.81,168883.006,50.66,
144,,15:00,300733.SZA,西菱动力,卖出,6600,23.66,-156156.008,203,3.771929825
145,2020/11/30,9:30,300733.SZA,西菱动力,买入,6600,22.8,150480.009,45.14,
146,,15:00,600679.SHA,上海凤凰,卖出,11000,14.49,-159389.979,207.21,-2.620967742
147,2020/11/27,9:30,600679.SHA,上海凤凰,买入,11000,14.88,163680,49.1,
148,,15:00,300224.SZA,正海磁材,卖出,12100,12.6,-152460.002,198.2,-4.255319149
149,2020/11/26,9:30,300224.SZA,正海磁材,买入,12100,13.16,159236,47.77,
150,,15:00,300713.SZA,英可瑞,卖出,5300,33.1,-175430.011,228.06,17.45919092
151,2020/11/25,9:30,300713.SZA,英可瑞,买入,5300,28.18,149354.012,44.81,
152,,15:00,300681.SZA,英搏尔,卖出,3200,43.69,-139808.002,181.75,-3.999121072
153,2020/11/24,9:30,300681.SZA,英搏尔,买入,3200,45.51,145632.01,43.69,
154,,15:00,300589.SZA,江龙船艇,卖出,4800,33.3,-159839.995,207.79,-3.31010453
155,2020/11/23,9:30,300589.SZA,江龙船艇,买入,4800,34.44,165311.994,49.59,
156,,15:00,300720.SZA,海川智能,卖出,5700,26.95,-153615.001,199.7,-8.270932607
157,2020/11/20,9:30,300720.SZA,海川智能,买入,5700,29.38,167466.008,50.24,
158,,15:00,300442.SZA,普丽盛,卖出,3900,39.6,-154439.991,200.77,-2.941176471
159,2020/11/19,9:30,300442.SZA,普丽盛,买入,3900,40.8,159119.999,47.74,
160,,15:00,600616.SHA,金枫酒业,卖出,26300,6.19,-162797.007,211.64,8.596491228
161,2020/11/18,9:30,600616.SHA,金枫酒业,买入,26300,5.7,149910.015,44.97,
162,,15:00,300442.SZA,普丽盛,卖出,4000,42.07,-168279.997,218.76,12.48663102
163,2020/11/17,9:30,300442.SZA,普丽盛,买入,4000,37.4,149599.993,44.88,
164,,15:00,300019.SZA,硅宝科技,卖出,7300,20.49,-149577.012,194.45,9.689507495
165,2020/11/16,9:30,300019.SZA,硅宝科技,买入,7300,18.68,136364.003,40.91,
166,,15:00,300062.SZA,中能电气,卖出,9800,14.38,-140924,183.2,-9.899749373
167,2020/11/13,9:30,300062.SZA,中能电气,买入,9800,15.96,156408.002,46.92,
168,,15:00,300153.SZA,科泰电源,卖出,17100,8.77,-149966.986,194.96,-3.093922652
169,2020/11/12,9:30,300153.SZA,科泰电源,买入,17100,9.05,154754.99,46.43,
170,,15:00,300333.SZA,兆日科技,卖出,12000,13.19,-158279.994,205.76,-6.520198441
171,2020/11/11,9:30,300333.SZA,兆日科技,买入,12000,14.11,169319.996,50.8,
172,,15:00,300138.SZA,晨光生物,卖出,8400,17.55,-147420.001,191.65,-7.680168332
173,2020/11/10,9:30,300138.SZA,晨光生物,买入,8400,19.01,159684.006,47.91,
174,,15:00,300809.SZA,华辰装备,卖出,6600,25.9,-170940.007,222.22,-5.612244898
175,2020/11/9,9:30,300809.SZA,华辰装备,买入,6600,27.44,181104.018,54.33,
176,,15:00,300093.SZA,金刚玻璃,卖出,13700,11.99,-164263.007,213.54,-3.694779116
177,2020/11/6,9:30,300093.SZA,金刚玻璃,买入,13700,12.45,170564.999,51.17,
178,,15:00,300835.SZA,龙磁科技,卖出,2600,64.85,-168609.993,219.19,5.173532274
179,2020/11/5,9:30,300835.SZA,龙磁科技,买入,2600,61.66,160316.015,48.09,
180,,15:00,300611.SZA,美力科技,卖出,11800,14.53,-171453.989,222.89,-7.452229299
181,2020/11/4,9:30,300611.SZA,美力科技,买入,11800,15.7,185259.991,55.58,
182,,15:00,300469.SZA,信息发展,卖出,9500,17.82,-169289.995,220.08,3.664921466
183,2020/11/3,9:30,300469.SZA,信息发展,买入,9500,17.19,163305.007,48.99,
184,,15:00,300444.SZA,双杰电气,卖出,24100,7.69,-185329.011,240.93,5.198358413
185,2020/11/2,9:30,300444.SZA,双杰电气,买入,24100,7.31,176171.013,52.85,
186,,15:00,300221.SZA,银禧科技,卖出,19100,8.3,-158530.003,206.09,-5.359179019
187,2020/10/30,9:30,300221.SZA,银禧科技,买入,19100,8.77,167507.009,50.25,
188,,15:00,300641.SZA,正丹股份,卖出,22300,7.56,-168587.997,219.16,12.66766021
189,2020/10/29,9:30,300641.SZA,正丹股份,买入,22300,6.71,149633.005,44.89,
190,,15:00,300805.SZA,电声股份,卖出,5800,29.06,-168547.994,219.11,-5.218525766
191,2020/10/28,9:30,300805.SZA,电声股份,买入,5800,30.66,177827.991,53.35,
192,,15:00,300593.SZA,新雷能,卖出,6200,26.3,-163059.994,211.98,-2.98782737
193,2020/10/27,9:30,300593.SZA,新雷能,买入,6200,27.11,168081.993,50.42,
194,,15:00,300131.SZA,英唐智控,卖出,17300,10.38,-179574.002,233.45,2.56916996
195,2020/10/26,9:30,300131.SZA,英唐智控,买入,17300,10.12,175075.998,52.52,
196,,15:00,300893.SZA,松原股份,卖出,2900,58.8,-170519.995,221.68,1.871101871
197,2020/10/23,9:30,300893.SZA,松原股份,买入,2900,57.72,167388.005,50.22,
198,,15:00,300880.SZA,迦南智能,卖出,2900,53.74,-155846.004,202.6,3.286565443
199,2020/10/22,9:30,300880.SZA,迦南智能,买入,2900,52.03,150886.997,45.27,
200,,15:00,300519.SZA,新光药业,卖出,6400,27.75,-177599.986,230.88,2.853965901
201,2020/10/21,9:30,300519.SZA,新光药业,买入,6400,26.98,172671.986,51.8,
202,,15:00,300742.SZA,越博动力,卖出,4400,35.5,-156199.996,203.06,-1.086653664
203,2020/10/20,9:30,300742.SZA,越博动力,买入,4400,35.89,157916.001,47.37,
204,,15:00,300018.SZA,中元股份,卖出,17800,9.76,-173728.002,225.85,4.385026738
205,2020/10/19,9:30,300018.SZA,中元股份,买入,17800,9.35,166430.008,49.93,
206,,15:00,300745.SZA,欣锐科技,卖出,6000,27,-161999.98,210.6,-0.99009901
207,2020/10/16,9:30,300745.SZA,欣锐科技,买入,6000,27.27,163619.999,49.09,
208,,15:00,300313.SZA,天山生物,卖出,6800,23.27,-158236.002,205.71,-1.020842195
209,2020/10/15,9:30,300313.SZA,天山生物,买入,6800,23.51,159868.002,47.96,
210,,15:00,300018.SZA,中元股份,卖出,16800,9.51,-159768.003,207.7,6.25698324
211,2020/10/14,9:30,300018.SZA,中元股份,买入,16800,8.95,150359.997,45.11,
212,,15:00,300318.SZA,博晖创新,卖出,8400,20.21,-169763.992,220.69,7.5
213,2020/10/13,9:30,300318.SZA,博晖创新,买入,8400,18.8,157919.994,47.38,
214,,15:00,000034.SZA,神州数码,卖出,4800,28.99,-139152.008,180.9,7.37037037
215,2020/10/12,9:30,000034.SZA,神州数码,买入,4800,27,129600.009,38.88,
216,,15:00,300412.SZA,迦南科技,卖出,10700,15.92,-170344,221.45,21.89892802
217,2020/10/9,9:30,300412.SZA,迦南科技,买入,10700,13.06,139742.007,41.92,
218,,15:00,300588.SZA,熙菱信息,卖出,9400,13.4,-125959.999,163.75,-0.66716086
219,2020/9/30,9:30,300588.SZA,熙菱信息,买入,9400,13.49,126806.002,38.04,
220,,15:00,300108.SZA,吉药控股,卖出,33400,4.3,-143619.993,186.71,-6.926406926
221,2020/9/29,9:30,300108.SZA,吉药控股,买入,33400,4.62,154308.032,46.29,
222,,15:00,300869.SZA,康泰医学,卖出,1200,105.4,-126480.002,164.42,-13.02912782
223,2020/9/28,9:30,300869.SZA,康泰医学,买入,1200,121.19,145428.003,43.63,
224,,15:00,300128.SZA,锦富技术,卖出,29400,4.7,-138179.993,179.63,-9.090909091
225,2020/9/25,9:30,300128.SZA,锦富技术,买入,29400,5.17,151998.003,45.6,
226,,15:00,300722.SZA,新余国科,卖出,3300,43.22,-142626.004,185.41,8.077019255
227,2020/9/24,9:30,300722.SZA,新余国科,买入,3300,39.99,131967.006,39.59,
228,,15:00,300865.SZA,大宏立,卖出,3200,52.37,-167583.995,217.86,11.54419595
229,2020/9/23,9:30,300865.SZA,大宏立,买入,3200,46.95,150240.013,45.07,
230,,15:00,300063.SZA,天龙集团,卖出,18200,7.39,-134497.997,174.85,-3.145478375
231,2020/9/22,9:30,300063.SZA,天龙集团,买入,18200,7.63,138866.002,41.66,
232,,15:00,300200.SZA,高盟新材,卖出,10100,14.12,-142611.998,185.4,-5.866666667
233,2020/9/21,9:30,300200.SZA,高盟新材,买入,10100,15,151500,45.45,
234,,15:00,300840.SZA,酷特智能,卖出,5500,24.04,-132220.004,171.89,-0.331674959
235,2020/9/18,9:30,300840.SZA,酷特智能,买入,5500,24.12,132660.005,39.8,
236,,15:00,300102.SZA,乾照光电,卖出,15600,10.42,-162552.001,211.32,11.44385027
237,2020/9/17,9:30,300102.SZA,乾照光电,买入,15600,9.35,145860.006,43.76,
238,,15:00,300300.SZA,汉鼎宇佑,卖出,16300,7.57,-123390.994,160.41,-9.880952381
239,2020/9/16,9:30,300300.SZA,汉鼎宇佑,买入,16300,8.4,136919.994,41.08,
240,,15:00,600438.SHA,通威股份,卖出,6600,25.07,-165461.998,215.1,-0.987361769
241,2020/9/15,9:30,600438.SHA,通威股份,买入,6600,25.32,167111.998,50.13,
242,,15:00,300157.SZA,恒泰艾普,卖出,20500,6.45,-132224.996,171.89,-7.988587732
243,2020/9/14,9:30,300157.SZA,恒泰艾普,买入,20500,7.01,143705.005,43.11,
244,,15:00,300412.SZA,迦南科技,卖出,14500,11.94,-173130,225.07,12.64150943
245,2020/9/11,9:30,300412.SZA,迦南科技,买入,14500,10.6,153700.011,46.11,
246,,15:00,300106.SZA,西部牧业,卖出,8600,13.38,-115067.992,149.59,-19.30036188
247,2020/9/10,9:30,300106.SZA,西部牧业,买入,8600,16.58,142588.001,42.78,
248,,15:00,300373.SZA,扬杰科技,卖出,4500,37.08,-166859.991,216.92,3.865546218
249,2020/9/9,9:30,300373.SZA,扬杰科技,买入,4500,35.7,160650.004,48.2,
250,,15:00,300157.SZA,恒泰艾普,卖出,20600,7.12,-146672.007,190.67,1.136363636
251,2020/9/8,9:30,300157.SZA,恒泰艾普,买入,20600,7.04,145024,43.51,
252,,15:00,300108.SZA,吉药控股,卖出,27300,6.06,-165437.997,215.07,11.80811808
253,2020/9/7,9:30,300108.SZA,吉药控股,买入,27300,5.42,147966.003,44.39,
254,2020/9/4,15:00,300129.SZA,泰胜风能,卖出,23700,6.89,-163293.007,212.28,5.030487805
255,2020/9/3,9:30,300129.SZA,泰胜风能,买入,23700,6.56,155472.001,46.64,
256,,15:00,600189.SHA,吉林森工,卖出,20400,6.6,-134639.985,175.03,-10.44776119
257,2020/9/2,9:30,600189.SHA,吉林森工,买入,20400,7.37,150347.999,45.1,
258,,15:00,300293.SZA,蓝英装备,卖出,5500,28.55,-157025.006,204.13,11.56701837
259,2020/9/1,9:30,300293.SZA,蓝英装备,买入,5500,25.59,140745.001,42.22,
260,,15:00,300160.SZA,秀强股份,卖出,14200,9.98,-141715.993,184.23,15.37572254
261,2020/8/31,9:30,300160.SZA,秀强股份,买入,14200,8.65,122829.995,36.85,
262,,15:00,300801.SZA,泰和科技,卖出,4300,34.4,-147920.006,192.3,7.5
263,2020/8/28,9:30,300801.SZA,泰和科技,买入,4300,32,137600.001,41.28,
264,,15:00,300857.SZA,协创数据,卖出,2800,41.18,-115304.001,149.9,-8.509220173
265,2020/8/27,9:30,300857.SZA,协创数据,买入,2800,45.01,126027.995,37.81,
266,,15:00,300461.SZA,田中精机,卖出,5800,25.25,-146449.998,190.38,17.44186047
267,2020/8/26,9:30,300461.SZA,田中精机,买入,5800,21.5,124700.013,37.41,
268,,15:00,002582.SZA,好想你,卖出,7300,15.91,-116142.999,150.99,-6.795547745
269,2020/8/25,9:30,002582.SZA,好想你,买入,7300,17.07,124610.998,37.38,
270,,15:00,002370.SZA,亚太药业,卖出,22100,6.11,-135031,175.54,1.495016611
271,2020/8/24,9:30,002370.SZA,亚太药业,买入,22100,6.02,133042.016,39.91,
272,,15:00,002190.SZA,成飞集成,卖出,3900,31.62,-123317.995,160.31,-5.329341317
273,2020/8/21,9:30,002190.SZA,成飞集成,买入,3900,33.4,130259.992,39.08,
274,,15:00,600165.SHA,新日恒力,卖出,16800,7.79,-130871.999,170.13,-3.945745993
275,2020/8/20,9:30,600165.SHA,新日恒力,买入,16800,8.11,136247.995,40.87,
276,,15:00,002082.SZA,万邦德,卖出,8000,14.77,-118159.994,153.61,-5.320512821
277,2020/8/19,9:30,002082.SZA,万邦德,买入,8000,15.6,124799.996,37.44,
278,,15:00,002190.SZA,成飞集成,卖出,4300,34.36,-147748.002,192.07,10.83870968
279,2020/8/18,9:30,002190.SZA,成飞集成,买入,4300,31,133300.001,39.99,
280,,15:00,600151.SHA,航天机电,卖出,700,8.45,-5915,7.69,12.36702128
281,2020/8/17,9:30,600151.SHA,航天机电,买入,700,7.52,5264,5,
282,,15:00,002448.SZA,中原内配,卖出,21600,6.34,-136943.987,178.03,0.79491256
283,2020/8/14,9:30,002448.SZA,中原内配,买入,21600,6.29,135864.004,40.76,
284,,15:00,300318.SZA,博晖创新,卖出,10700,11.22,-120054.002,156.07,-9.589041096
285,2020/8/13,9:30,300318.SZA,博晖创新,买入,10700,12.41,132787.009,39.84,
286,,15:00,000903.SZA,云内动力,卖出,18500,7.17,-132644.992,172.44,-10.26282854
287,2020/8/12,9:30,000903.SZA,云内动力,买入,18500,7.99,147814.996,44.34,
288,,15:00,600435.SHA,北方导航,卖出,500,10.23,-5115,6.65,-5.277777778
289,2020/8/11,9:30,600435.SHA,北方导航,买入,500,10.8,5400,5,
290,,15:00,600318.SHA,新力金融,卖出,10500,13.17,-138285,179.77,-2.444444444
291,2020/8/10,9:30,600318.SHA,新力金融,买入,10500,13.5,141750,42.53,
292,,15:00,002517.SZA,恺英网络,卖出,23600,6.2,-146320.006,190.22,-15.06849315
293,2020/8/7,9:30,002517.SZA,恺英网络,买入,23600,7.3,172280.005,51.68,
294,,15:00,603078.SHA,江化微,卖出,3200,49.07,-157023.993,204.13,-1.899240304
295,2020/8/6,9:30,603078.SHA,江化微,买入,3200,50.02,160064.006,48.02,
296,,15:00,000421.SZA,南京公用,卖出,19800,7.95,-157410.004,204.63,-8.725602755
297,2020/8/5,9:30,000421.SZA,南京公用,买入,19800,8.71,172458.002,51.74,
298,,15:00,000518.SZA,四环生物,卖出,23600,6.38,-150568.002,195.74,0.472440945
299,2020/8/4,9:30,000518.SZA,四环生物,买入,23600,6.35,149859.998,44.96,
300,,15:00,002080.SZA,中材科技,卖出,8500,21.54,-183089.991,238.02,1.699716714
301,2020/8/3,9:30,002080.SZA,中材科技,买入,8500,21.18,180029.987,54.01,
302,,15:00,601108.SHA,财通证券,卖出,9500,16.12,-153139.99,199.08,2.284263959
303,2020/7/31,9:30,601108.SHA,财通证券,买入,9500,15.76,149719.993,44.92,
304,,15:00,002030.SZA,达安基因,卖出,4300,43.34,-186362.001,242.27,14.50462351
305,2020/7/30,9:30,002030.SZA,达安基因,买入,4300,37.85,162755.01,48.83,
306,,15:00,300751.SZA,迈为股份,卖出,400,346.56,-138623.991,180.21,3.450746269
307,2020/7/29,9:30,300751.SZA,迈为股份,买入,400,335,134000.003,40.2,
308,,15:00,000836.SZA,富通鑫茂,卖出,36300,3.84,-139391.994,181.21,3.783783784
309,2020/7/28,9:30,000836.SZA,富通鑫茂,买入,36300,3.7,134310.003,40.29,
310,,15:00,000756.SZA,新华制药,卖出,13800,11.73,-161874.002,210.44,-3.852459016
311,2020/7/27,9:30,000756.SZA,新华制药,买入,13800,12.2,168360.001,50.51,
312,,15:00,002626.SZA,金达威,卖出,2800,46.4,-129919.994,168.9,-13.27102804
313,2020/7/24,9:30,002626.SZA,金达威,买入,2800,53.5,149800,44.94,
314,,15:00,600211.SHA,西藏药业,卖出,1700,101.9,-173230.002,225.2,18.15862709
315,2020/7/23,9:30,600211.SHA,西藏药业,买入,1700,86.24,146608.01,43.98,
316,,15:00,300213.SZA,佳讯飞鸿,卖出,16900,8.59,-145171.001,188.72,4.501216545
317,2020/7/22,9:30,300213.SZA,佳讯飞鸿,买入,16900,8.22,138918.006,41.68,
318,,15:00,603718.SHA,海利生物,卖出,3700,40.21,-148777.01,193.41,13.26760563
319,2020/7/21,9:30,603718.SHA,海利生物,买入,3700,35.5,131350.001,39.41,
320,,15:00,002239.SZA,奥特佳,卖出,24900,6.01,-149648.994,194.54,6.560283688
321,2020/7/20,9:30,002239.SZA,奥特佳,买入,24900,5.64,140435.997,42.13,
322,,15:00,603138.SHA,海量数据,卖出,5400,24.3,-131219.994,170.59,3.009749894
323,2020/7/17,9:30,603138.SHA,海量数据,买入,5400,23.59,127386.002,38.22,
324,,15:00,002187.SZA,广百股份,卖出,200,16,-3200,5,-8.571428571
325,2020/7/16,9:30,002187.SZA,广百股份,买入,200,17.5,3500,5,
326,,15:00,600208.SHA,新湖中宝,卖出,41700,3.34,-139277.996,181.06,-10.45576408
327,2020/7/15,9:30,600208.SHA,新湖中宝,买入,41700,3.73,155541.001,46.66,
328,,15:00,600515.SHA,海航基础,卖出,16600,7.27,-120682,156.89,-9.913258984
329,2020/7/14,9:30,600515.SHA,海航基础,买入,16600,8.07,133962.011,40.19,
330,,15:00,002517.SZA,恺英网络,卖出,30400,5.11,-155344.003,201.95,8.492569002
331,2020/7/13,9:30,002517.SZA,恺英网络,买入,30400,4.71,143184.002,42.96,
332,,15:00,300265.SZA,通光线缆,卖出,11300,12.68,-143284,186.27,0.555114988
333,2020/7/10,9:30,300265.SZA,通光线缆,买入,11300,12.61,142492.998,42.75,
334,,15:00,002891.SZA,中宠股份,卖出,3300,41.28,-136223.993,177.09,-1.409123477
335,2020/7/9,9:30,002891.SZA,中宠股份,买入,3300,41.87,138170.998,41.45,
336,,15:00,300666.SZA,江丰电子,卖出,2000,71.72,-143440.017,186.47,4.198750545
337,2020/7/8,9:30,300666.SZA,江丰电子,买入,2000,68.83,137660.004,41.3,
338,,15:00,603317.SHA,天味食品,卖出,2200,60.2,-132439.999,172.17,2.033898305
339,2020/7/7,9:30,603317.SHA,天味食品,买入,2200,59,129800.001,38.94,
340,,15:00,600318.SHA,新力金融,卖出,10000,14.06,-140600.004,182.78,3.382352941
341,2020/7/6,9:30,600318.SHA,新力金融,买入,10000,13.6,135999.994,40.8,
342,,15:00,002305.SZA,南国置业,卖出,46800,2.93,-137124.002,178.26,6.15942029
343,2020/7/3,9:30,002305.SZA,南国置业,买入,46800,2.76,129168.001,38.75,
344,,15:00,002239.SZA,奥特佳,卖出,28200,4.31,-121541.998,158,-4.4345898
345,2020/7/2,9:30,002239.SZA,奥特佳,买入,28200,4.51,127181.993,38.15,
346,,15:00,600338.SHA,西藏珠峰,卖出,12900,11.49,-148220.997,192.69,17.00610998
347,2020/7/1,9:30,600338.SHA,西藏珠峰,买入,12900,9.82,126678.009,38,
348,,15:00,002906.SZA,华阳集团,卖出,7900,15.14,-119605.993,155.49,-1.56046814
349,2020/6/30,9:30,002906.SZA,华阳集团,买入,7900,15.38,121502.014,36.45,
350,,15:00,002666.SZA,德联集团,卖出,18600,7.08,-131687.995,171.19,-1.666666667
351,2020/6/29,9:30,002666.SZA,德联集团,买入,18600,7.2,133919.99,40.18,
352,,15:00,300494.SZA,盛天网络,卖出,4903,23.03,-112916.084,146.79,1.632833186
353,2020/6/24,9:30,300494.SZA,盛天网络,买入,4900,22.66,111033.999,33.31,
354,,15:00,002240.SZA,威华股份,卖出,10500,13.06,-137129.993,178.27,2.59230165
355,2020/6/23,9:30,002240.SZA,威华股份,买入,10500,12.73,133665.009,40.1,
356,,15:00,002187.SZA,广百股份,卖出,9500,11.31,-107445.002,139.68,-11.640625
357,2020/6/22,9:30,002187.SZA,广百股份,买入,9500,12.8,121600.003,36.48,
358,,15:00,000793.SZA,华闻集团,卖出,32200,4.16,-133951.995,174.14,-4.587155963
359,2020/6/19,9:30,000793.SZA,华闻集团,买入,32200,4.36,140392.005,42.12,
360,,15:00,002331.SZA,皖通科技,卖出,10400,12.13,-126151.996,164,-0.817661488
361,2020/6/18,9:30,002331.SZA,皖通科技,买入,10400,12.23,127192.007,38.16,
362,,15:00,002079.SZA,苏州固锝,卖出,10100,12.84,-129684.001,168.59,0.15600624
363,2020/6/17,9:30,002079.SZA,苏州固锝,买入,10100,12.82,129481.997,38.84,
364,,15:00,300063.SZA,天龙集团,卖出,17300,8.15,-140995.01,183.29,7.236842105
365,2020/6/16,9:30,300063.SZA,天龙集团,买入,17300,7.6,131479.999,39.44,
366,,15:00,603477.SHA,振静股份,卖出,9700,13.37,-129688.989,168.6,-0.372578241
367,2020/6/15,9:30,603477.SHA,振静股份,买入,9700,13.42,130174.019,39.05,
368,,15:00,300497.SZA,富祥药业,卖出,5900,21.1,-124490.002,161.84,2.129719264
369,2020/6/12,9:30,300497.SZA,富祥药业,买入,5900,20.66,121894,36.57,
370,,15:00,000567.SZA,海德股份,卖出,8100,16.45,-133245.006,173.22,22.12323682
371,2020/6/11,9:30,000567.SZA,海德股份,买入,8100,13.47,109106.995,32.73,
372,,15:00,002951.SZA,金时科技,卖出,6900,17.64,-121715.986,158.23,1.554404145
373,2020/6/10,9:30,002951.SZA,金时科技,买入,6900,17.37,119853.008,35.96,
374,,15:00,000564.SZA,供销大集,卖出,24000,4.69,-112560.001,146.33,-2.291666667
375,2020/6/9,9:30,000564.SZA,供销大集,买入,24000,4.8,115200.005,34.56,
376,,15:00,002400.SZA,省广集团,卖出,10100,11.39,-115038.994,149.55,12.66073195
377,2020/6/8,9:30,002400.SZA,省广集团,买入,10100,10.11,102110.997,30.63,
378,,15:00,600707.SHA,彩虹股份,卖出,26400,4.65,-122759.993,159.59,5.20361991
379,2020/6/5,9:30,600707.SHA,彩虹股份,买入,26400,4.42,116688.01,35.01,
380,,15:00,300367.SZA,东方网力,卖出,24300,4.05,-98415.004,127.94,-5.152224824
381,2020/6/4,9:30,300367.SZA,东方网力,买入,24300,4.27,103761,31.13,
382,,15:00,000503.SZA,国新健康,卖出,10700,10.81,-115666.986,150.37,-1.99456029
383,2020/6/3,9:30,000503.SZA,国新健康,买入,10700,11.03,118021,35.41,
384,,15:00,600861.SHA,北京城乡,卖出,7000,15.3,-107099.998,139.23,-2.857142857
385,2020/6/2,9:30,600861.SHA,北京城乡,买入,7000,15.75,110249.995,33.07,
386,,15:00,300299.SZA,富春股份,卖出,20000,5.9,-117999.992,153.4,-1.502504174
387,2020/6/1,9:30,300299.SZA,富春股份,买入,20000,5.99,119800.006,35.94,
388,,15:00,300748.SZA,金力永磁,卖出,2700,38.4,-103680.004,134.78,-1.386748844
389,2020/5/29,9:30,300748.SZA,金力永磁,买入,2700,38.94,105137.996,31.54,
390,,15:00,002291.SZA,星期六,卖出,5200,24.27,-126204.002,164.07,6.121556624
391,2020/5/28,9:30,002291.SZA,星期六,买入,5200,22.87,118924.004,35.68,
392,,15:00,300160.SZA,秀强股份,卖出,18100,5.94,-107513.989,139.77,-7.763975155
393,2020/5/27,9:30,300160.SZA,秀强股份,买入,18100,6.44,116564.003,34.97,
394,,15:00,300260.SZA,新莱应材,卖出,6600,17.96,-118536.005,154.1,4.845300642
395,2020/5/26,9:30,300260.SZA,新莱应材,买入,6600,17.13,113058.008,33.92,
396,,15:00,002985.SZA,北摩高科,卖出,1100,101.5,-111650,145.14,1.805416249
397,2020/5/25,9:30,002985.SZA,北摩高科,买入,1100,99.7,109669.997,32.9,
398,,15:00,300787.SZA,海能实业,卖出,3000,37.02,-111059.995,144.38,2.011573436
399,2020/5/22,9:30,300787.SZA,海能实业,买入,3000,36.29,108870.005,32.66,
400,,15:00,300568.SZA,星源材质,卖出,3500,32.31,-113084.988,147.01,-3.147482014
401,2020/5/21,9:30,300568.SZA,星源材质,买入,3500,33.36,116760.006,35.03,
402,,15:00,002581.SZA,未名医药,卖出,4000,27.64,-110559.998,143.73,6.062931696
403,2020/5/20,9:30,002581.SZA,未名医药,买入,4000,26.06,104239.99,31.27,
404,,15:00,300480.SZA,光力科技,卖出,8300,13.91,-115452.998,150.09,-1.973220578
405,2020/5/19,9:30,300480.SZA,光力科技,买入,8300,14.19,117777.01,35.33,
406,,15:00,002280.SZA,联络互动,卖出,64500,1.66,-107070,139.19,-3.488372093
407,2020/5/18,9:30,002280.SZA,联络互动,买入,64500,1.72,110940.006,33.28,
408,,15:00,002400.SZA,省广集团,卖出,15700,7.4,-116180.001,151.03,13.49693252
409,2020/5/15,9:30,002400.SZA,省广集团,买入,15700,6.52,102364,30.71,
410,,15:00,603256.SHA,宏和科技,卖出,8000,14.15,-113200.004,147.16,15.22801303
411,2020/5/14,9:30,603256.SHA,宏和科技,买入,8000,12.28,98240.006,29.47,
412,,15:00,000616.SZA,海航投资,卖出,31700,3.05,-96684.998,125.69,5.172413793
413,2020/5/13,9:30,000616.SZA,海航投资,买入,31700,2.9,91929.996,27.58,
414,,15:00,603777.SHA,来伊份,卖出,5900,17.14,-101125.995,131.46,2.696225285
415,2020/5/12,9:30,603777.SHA,来伊份,买入,5900,16.69,98471.004,29.54,
416,,15:00,002469.SZA,三维工程,卖出,19500,4.91,-95744.989,124.47,-4.660194175
417,2020/5/11,9:30,002469.SZA,三维工程,买入,19500,5.15,100424.995,30.13,
418,,15:00,300459.SZA,金科文化,卖出,37600,2.56,-96255.997,125.13,6.666666667
419,2020/5/8,9:30,300459.SZA,金科文化,买入,37600,2.4,90239.996,27.07,
420,,15:00,600533.SHA,栖霞建设,卖出,27300,3.82,-104285.998,135.57,7.605633803
421,2020/5/7,9:30,600533.SHA,栖霞建设,买入,27300,3.55,96915,29.07,
422,,15:00,300827.SZA,上能电气,卖出,1600,51.97,-83152.002,108.1,12.92916123
423,2020/5/6,9:30,300827.SZA,上能电气,买入,1600,46.02,73632.001,22.09,
424,,15:00,000505.SZA,京粮控股,卖出,11300,8.56,-96727.993,125.75,4.263093788
425,2020/4/30,9:30,000505.SZA,京粮控股,买入,11300,8.21,92773.002,27.83,
426,,15:00,002755.SZA,奥赛康,卖出,4200,18.73,-78666.005,102.27,-4.43877551
427,2020/4/29,9:30,002755.SZA,奥赛康,买入,4200,19.6,82320.003,24.7,
428,,15:00,002601.SZA,龙蟒佰利,卖出,5500,16.75,-92125.009,119.76,0.842865744
429,2020/4/28,9:30,002601.SZA,龙蟒佰利,买入,5500,16.61,91355.004,27.41,
430,2020/4/27,15:00,002400.SZA,省广集团,卖出,16400,5.12,-83967.998,109.16,-11.72413793
431,2020/4/24,9:30,002400.SZA,省广集团,买入,16400,5.8,95119.995,28.54,
432,,15:00,002584.SZA,西陇科学,卖出,11700,7.88,-92195.99,119.85,-19.59183673
433,2020/4/23,9:30,002584.SZA,西陇科学,买入,11700,9.8,114660.002,34.4,
434,,15:00,002178.SZA,延华智能,卖出,18700,5.33,-99670.998,129.57,4.509803922
435,2020/4/22,9:30,002178.SZA,延华智能,买入,18700,5.1,95369.999,28.61,
436,,15:00,600133.SHA,东湖高新,卖出,15500,7,-108499.992,141.05,1.01010101
437,2020/4/21,9:30,600133.SHA,东湖高新,买入,15500,6.93,107414.998,32.22,
438,,15:00,600396.SHA,金山股份,卖出,32600,2.69,-87694.001,114,-8.813559322
439,2020/4/20,9:30,600396.SHA,金山股份,买入,32600,2.95,96170.002,28.85,
440,,15:00,300658.SZA,延江股份,卖出,2600,45.18,-117468.01,152.71,7.290429827
441,2020/4/17,9:30,300658.SZA,延江股份,买入,2600,42.11,109486.012,32.85,
442,,15:00,600303.SHA,曙光股份,卖出,24300,3.84,-93311.996,121.31,-4.239401496
443,2020/4/16,9:30,600303.SHA,曙光股份,买入,24300,4.01,97443.007,29.23,
444,,15:00,000949.SZA,新乡化纤,卖出,26400,4.1,-108239.995,140.71,-2.612826603
445,2020/4/15,9:30,000949.SZA,新乡化纤,买入,26400,4.21,111144.002,33.34,
446,,15:00,002486.SZA,嘉麟杰,卖出,100,4.58,-458,5,-4.384133612
447,2020/4/14,9:30,002486.SZA,嘉麟杰,买入,100,4.79,479,5,
448,,15:00,300246.SZA,宝莱特,卖出,4600,24.59,-113113.999,147.05,-3.9453125
449,2020/4/13,9:30,300246.SZA,宝莱特,买入,4600,25.6,117760.004,35.33,
450,,15:00,300801.SZA,泰和科技,卖出,4200,23.86,-100212.002,130.28,-4.56
451,2020/4/10,9:30,300801.SZA,泰和科技,买入,4200,25,105000.008,31.5,
452,,15:00,600095.SHA,哈高科,卖出,11500,9.91,-113964.997,148.15,-6.332703214
453,2020/4/9,9:30,600095.SHA,哈高科,买入,11500,10.58,121670,36.5,
454,,15:00,002731.SZA,萃华珠宝,卖出,12900,8.7,-112229.996,145.9,3.448275862
455,2020/4/8,9:30,002731.SZA,萃华珠宝,买入,12900,8.41,108488.999,32.55,
456,,15:00,603918.SHA,金桥信息,卖出,8000,14.22,-113760.002,147.89,8.798775822
457,2020/4/7,9:30,603918.SHA,金桥信息,买入,8000,13.07,104560.01,31.37,
458,,15:00,603790.SHA,雅运股份,卖出,7900,14.37,-113522.993,147.58,0.842105263
459,2020/4/3,9:30,603790.SHA,雅运股份,买入,7900,14.25,112575,33.77,
460,,15:00,601777.SHA,力帆股份,卖出,36800,2.66,-97888.001,127.25,-2.205882353
461,2020/4/2,9:30,601777.SHA,力帆股份,买入,36800,2.72,100096.012,30.03,
462,,15:00,603949.SHA,雪龙集团,卖出,4600,23.68,-108928,141.61,-4.784881383
463,2020/4/1,9:30,603949.SHA,雪龙集团,买入,4600,24.87,114402.005,34.32,
464,,15:00,300591.SZA,万里马,卖出,19400,5.64,-109415.991,142.24,-5.369127517
465,2020/3/31,9:30,300591.SZA,万里马,买入,19400,5.96,115623.998,34.69,
466,,15:00,300310.SZA,宜通世纪,卖出,17900,6.2,-110979.996,144.27,2.310231023
467,2020/3/30,9:30,300310.SZA,宜通世纪,买入,17900,6.06,108473.999,32.54,
468,,15:00,000150.SZA,宜华健康,卖出,23700,4.93,-116840.991,151.89,-4.27184466
469,2020/3/27,9:30,000150.SZA,宜华健康,买入,23700,5.15,122055.005,36.62,
470,,15:00,000851.SZA,高鸿股份,卖出,14900,6.79,-101170.992,131.52,-9.827357238
471,2020/3/26,9:30,000851.SZA,高鸿股份,买入,14900,7.53,112196.996,33.66,
472,,15:00,603890.SHA,春秋电子,卖出,9900,13.46,-133253.995,173.23,2.748091603
473,2020/3/25,9:30,603890.SHA,春秋电子,买入,9900,13.1,129689.997,38.91,
474,,15:00,300485.SZA,赛升药业,卖出,300,11.83,-3549,5,0.339270568
475,2020/3/24,9:30,300485.SZA,赛升药业,买入,300,11.79,3537,5,
476,,15:00,002882.SZA,金龙羽,卖出,10600,10.58,-112147.992,145.79,-4.598737601
477,2020/3/23,9:30,002882.SZA,金龙羽,买入,10600,11.09,117554.011,35.27,
478,,15:00,300363.SZA,博腾股份,卖出,5000,25.3,-126499.996,164.45,0
479,2020/3/20,9:30,300363.SZA,博腾股份,买入,5000,25.3,126499.996,37.95,
480,,15:00,603078.SHA,江化微,卖出,2400,45.49,-109175.994,141.93,0.441598587
481,2020/3/19,9:30,603078.SHA,江化微,买入,2400,45.29,108696.003,32.61,
482,,15:00,002075.SZA,沙钢股份,卖出,11800,11.22,-132395.992,172.11,12.2
483,2020/3/18,9:30,002075.SZA,沙钢股份,买入,11800,10,118000,35.4,
484,,15:00,300054.SZA,鼎龙股份,卖出,7900,14.63,-115577.001,150.25,3.611898017
485,2020/3/17,9:30,300054.SZA,鼎龙股份,买入,7900,14.12,111547.999,33.46,
486,,15:00,600026.SHA,中远海能,卖出,16100,7.71,-124131,161.37,1.447368421
487,2020/3/16,9:30,600026.SHA,中远海能,买入,16100,7.6,122359.999,36.71,
488,,15:00,600448.SHA,华纺股份,卖出,17400,6.4,-111360.001,144.77,3.896103896
489,2020/3/13,9:30,600448.SHA,华纺股份,买入,17400,6.16,107183.998,32.16,
490,,15:00,002916.SZA,深南电路,卖出,400,258.58,-103432.007,134.46,8.12912938
491,2020/3/12,9:30,002916.SZA,深南电路,买入,400,239.14,95656.006,28.7,
492,,15:00,000949.SZA,新乡化纤,卖出,24000,4.56,-109439.997,142.27,-1.935483871
493,2020/3/11,9:30,000949.SZA,新乡化纤,买入,24000,4.65,111600.003,33.48,
494,,15:00,603066.SHA,音飞储存,卖出,8900,10.62,-94517.998,122.87,-4.324324324
495,2020/3/10,9:30,603066.SHA,音飞储存,买入,8900,11.1,98790.004,29.64,
496,,15:00,002157.SZA,正邦科技,卖出,5900,19.41,-114518.999,148.87,0.154798762
497,2020/3/9,9:30,002157.SZA,正邦科技,买入,5900,19.38,114341.995,34.3,
498,,15:00,002929.SZA,润建股份,卖出,3000,33.03,-99089.996,128.82,2.577639752
499,2020/3/6,9:30,002929.SZA,润建股份,买入,3000,32.2,96600.003,28.98,
500,,15:00,600172.SHA,黄河旋风,卖出,32900,3.69,-121401.001,157.82,14.24148607
501,2020/3/5,9:30,600172.SHA,黄河旋风,买入,32900,3.23,106267.009,31.88,
502,,15:00,300366.SZA,创意信息,卖出,7700,12.98,-99945.996,129.93,2.771179731
503,2020/3/4,9:30,300366.SZA,创意信息,买入,7700,12.63,97251.001,29.18,
504,,15:00,600318.SHA,新力金融,卖出,8700,12.01,-104486.994,135.83,20.34068136
505,2020/3/3,9:30,600318.SHA,新力金融,买入,8700,9.98,86826.004,26.05,
506,,15:00,600416.SHA,湘电股份,卖出,8200,12.03,-98646.006,128.24,2.820512821
507,2020/3/2,9:30,600416.SHA,湘电股份,买入,8200,11.7,95939.999,28.78,
508,,15:00,300394.SZA,天孚通信,卖出,1700,51.32,-87244.006,113.42,7.251828631
509,2020/2/28,9:30,300394.SZA,天孚通信,买入,1700,47.85,81344.998,24.4,
510,,15:00,600621.SHA,华鑫股份,卖出,200,14.74,-2948,5,-3.597122302
511,2020/2/27,9:30,600621.SHA,华鑫股份,买入,200,15.29,3058,5,
512,,15:00,300292.SZA,吴通控股,卖出,16500,5.51,-90915.004,118.19,-5
513,2020/2/26,9:30,300292.SZA,吴通控股,买入,16500,5.8,95700.003,28.71,
514,,15:00,300390.SZA,天华超净,卖出,6900,12.11,-83559.004,108.63,-12.43673174
515,2020/2/25,9:30,300390.SZA,天华超净,买入,6900,13.83,95426.993,28.63,
516,,15:00,300248.SZA,新开普,卖出,7200,13.83,-99575.999,129.45,3.286034354
517,2020/2/24,9:30,300248.SZA,新开普,买入,7200,13.39,96408.003,28.92,
518,,15:00,603738.SHA,泰晶科技,卖出,2800,34.26,-95927.995,124.71,4.706601467
519,2020/2/21,9:30,603738.SHA,泰晶科技,买入,2800,32.72,91616.004,27.48,
520,,15:00,002369.SZA,卓翼科技,卖出,7600,12.25,-93100,121.03,14.48598131
521,2020/2/20,9:30,002369.SZA,卓翼科技,买入,7600,10.7,81319.999,24.4,
522,,15:00,300471.SZA,厚普股份,卖出,7400,12.85,-95089.996,123.62,2.308917197
523,2020/2/19,9:30,300471.SZA,厚普股份,买入,7400,12.56,92943.997,27.88,
524,,15:00,002170.SZA,芭田股份,卖出,20600,3.87,-79722,103.64,-3.49127182
525,2020/2/18,9:30,002170.SZA,芭田股份,买入,20600,4.01,82606.006,24.78,
526,,15:00,601698.SHA,中国卫通,卖出,4400,21.32,-93807.999,121.95,8.388408744
527,2020/2/17,9:30,601698.SHA,中国卫通,买入,4400,19.67,86548,25.96,
528,,15:00,300579.SZA,数字认证,卖出,1800,44.3,-79739.991,103.66,3.625730994
529,2020/2/14,9:30,300579.SZA,数字认证,买入,1800,42.75,76949.993,23.08,
530,,15:00,300436.SZA,广生堂,卖出,2400,37.41,-89783.987,116.72,-7.811729916
531,2020/2/13,9:30,300436.SZA,广生堂,买入,2400,40.58,97391.996,29.22,
532,,15:00,300230.SZA,永利股份,卖出,14800,5.59,-82731.995,107.55,-1.757469244
533,2020/2/12,9:30,300230.SZA,永利股份,买入,14800,5.69,84212.001,25.26,
534,,15:00,300459.SZA,金科文化,卖出,19500,4.66,-90869.997,118.13,4.719101124
535,2020/2/11,9:30,300459.SZA,金科文化,买入,19500,4.45,86774.996,26.03,
536,,15:00,600118.SHA,中国卫星,卖出,2500,36.15,-90375.004,117.49,-9.625
537,2020/2/10,9:30,600118.SHA,中国卫星,买入,2500,40,100000,30,
538,,15:00,300246.SZA,宝莱特,卖出,4500,18.25,-82124.999,106.76,-3.336864407
539,2020/2/7,9:30,300246.SZA,宝莱特,买入,4500,18.88,84959.997,25.49,
540,,15:00,300236.SZA,上海新阳,卖出,2200,44.38,-97636.002,126.93,19.94594595
541,2020/2/6,9:30,300236.SZA,上海新阳,买入,2200,37,81400,24.42,
542,,15:00,300671.SZA,富满电子,卖出,2900,28.27,-81983.001,106.58,16.57731959
543,2020/2/5,9:30,300671.SZA,富满电子,买入,2900,24.25,70325,21.1,
544,,15:00,002605.SZA,姚记科技,卖出,2100,41.2,-86520.002,112.48,15.43849818
545,2020/2/4,9:30,002605.SZA,姚记科技,买入,2100,35.69,74949.005,22.48,
546,,15:00,002125.SZA,湘潭电化,卖出,8300,7.07,-58681.001,76.29,4.740740741
547,2020/2/3,9:30,002125.SZA,湘潭电化,买入,8300,6.75,56025.018,16.81,
548,,15:00,300147.SZA,香雪制药,卖出,6600,12.43,-82037.996,106.65,18.49380362
549,2020/1/23,9:30,300147.SZA,香雪制药,买入,6600,10.49,69233.999,20.77,
550,,15:00,002324.SZA,普利特,卖出,3900,14.74,-57486.003,74.73,-5.512820513
551,2020/1/22,9:30,002324.SZA,普利特,买入,3900,15.6,60840.002,18.25,
552,,15:00,300687.SZA,赛意信息,卖出,3600,20.79,-74844.002,97.3,15.95092025
553,2020/1/21,9:30,300687.SZA,赛意信息,买入,3600,17.93,64548.002,19.36,
554,,15:00,300280.SZA,紫天科技,卖出,3100,18.59,-57628.999,74.92,1.418439716
555,2020/1/20,9:30,300280.SZA,紫天科技,买入,3100,18.33,56823,17.05,
556,,15:00,603005.SHA,晶方科技,卖出,900,72.26,-65033.995,84.54,14.6984127
557,2020/1/17,9:30,603005.SHA,晶方科技,买入,900,63,56700,17.01,
558,,15:00,300718.SZA,长盛轴承,卖出,2200,25.19,-55418,72.04,1.736672052
559,2020/1/16,9:30,300718.SZA,长盛轴承,买入,2200,24.76,54472.005,16.34,
560,,15:00,002510.SZA,天汽模,卖出,9900,5.95,-58905.003,76.58,1.018675722
561,2020/1/15,9:30,002510.SZA,天汽模,买入,9900,5.89,58310.999,17.49,
562,,15:00,600070.SHA,浙江富润,卖出,4700,11.69,-54942.998,71.43,-4.337152209
563,2020/1/14,9:30,600070.SHA,浙江富润,买入,4700,12.22,57434.001,17.23,
564,,15:00,603005.SHA,晶方科技,卖出,1000,60.17,-60170.002,78.22,21.06639839
565,2020/1/13,9:30,603005.SHA,晶方科技,买入,1000,49.7,49700.001,14.91,
566,,15:00,603035.SHA,常熟汽饰,卖出,2900,17.2,-49880.002,64.84,7.031736154
567,2020/1/10,9:30,603035.SHA,常熟汽饰,买入,2900,16.07,46603.005,13.98,
568,,15:00,300343.SZA,联创股份,卖出,15600,3.59,-56003.999,72.81,4.970760234
569,2020/1/9,9:30,300343.SZA,联创股份,买入,15600,3.42,53351.998,16.01,
570,,15:00,000009.SZA,中国宝安,卖出,7000,7.02,-49140,63.88,-3.172413793
571,2020/1/8,9:30,000009.SZA,中国宝安,买入,7000,7.25,50750,15.23,
572,,15:00,300627.SZA,华测导航,卖出,2000,26.42,-52840,68.69,-0.714017287
573,2020/1/7,9:30,300627.SZA,华测导航,买入,2000,26.61,53220.001,15.97,
574,,15:00,002261.SZA,拓维信息,卖出,5400,9.15,-49410.003,64.23,5.658198614
575,2020/1/6,9:30,002261.SZA,拓维信息,买入,5400,8.66,46764.004,14.03,
576,,15:00,002103.SZA,广博股份,卖出,10000,5.2,-52000.003,67.6,1.960784314
577,2020/1/3,9:30,002103.SZA,广博股份,买入,10000,5.1,50999.999,15.3,
